{"data":{"_id":0,"properties":{"id":{"name":"id","kind":"scalar","primary":true,"type":"uuid","array":false,"runtimeType":"string"},"createdAt":{"name":"createdAt","kind":"scalar","hidden":true,"getter":false,"setter":false,"type":"Date","runtimeType":"Date","array":false},"updatedAt":{"name":"updatedAt","kind":"scalar","hidden":true,"getter":false,"setter":false,"type":"Date","runtimeType":"Date","array":false},"deletedAt":{"name":"deletedAt","kind":"scalar","nullable":true,"getter":false,"setter":false,"type":"Date","array":false,"runtimeType":"Date","optional":true}},"primaryKeys":["id"],"filters":{},"hooks":{},"indexes":[],"uniques":[],"className":"BaseEntity","path":"./dist/database/model/base/base.entity.js","abstract":true,"internal":true,"constructorParams":[],"toJsonParams":[],"useCache":true,"compositePK":false,"simplePK":true},"origin":"./dist/database/model/base/base.entity.js","hash":"260bcf5e4eae6a02c098a1e945ae4faa","version":"6.4.7"}
