{"data":{"_id":5000,"properties":{"bio":{"name":"bio","kind":"scalar","default":"","nullable":true,"type":"text","getter":false,"setter":false,"array":false,"runtimeType":"string"},"wallet":{"name":"wallet","kind":"scalar","default":0,"nullable":false,"getter":false,"setter":false,"type":"number","runtimeType":"number","array":false},"userData":{"name":"userData","kind":"1:1","cascade":["persist"],"inversedBy":"customerData","owner":true,"unique":true,"fieldNames":["user_id"],"type":"UserEntity","array":false,"runtimeType":"UserEntity"}},"primaryKeys":[],"filters":{},"hooks":{},"indexes":[],"uniques":[],"className":"CustomerEntity","path":"./dist/modules/customer/persistence/customer.entity.js","collection":"customer","name":"CustomerEntity","abstract":false,"internal":true,"constructorParams":["userData"],"toJsonParams":[],"extends":"BaseEntity","useCache":true},"origin":"./dist/modules/customer/persistence/customer.entity.js","hash":"3bc2145f27b0d02da94a8fa41b1497b2","version":"6.4.7"}
