{"data":{"_id":10000,"properties":{"bio":{"name":"bio","kind":"scalar","default":"","nullable":true,"type":"text","getter":false,"setter":false,"array":false,"runtimeType":"string"},"wallet":{"name":"wallet","kind":"scalar","default":0,"nullable":false,"getter":false,"setter":false,"type":"number","runtimeType":"number","array":false},"userData":{"name":"userData","kind":"1:1","cascade":["persist"],"inversedBy":"customerData","owner":true,"unique":true,"fieldNames":["user_id"],"type":"UserEntity","array":false,"runtimeType":"UserEntity"}},"primaryKeys":[],"filters":{},"hooks":{},"indexes":[],"uniques":[],"className":"CustomerEntity","path":"./src/modules/customer/persistence/Customer.entity.ts","collection":"customer","name":"CustomerEntity","abstract":false,"internal":true,"constructorParams":["userData"],"toJsonParams":[],"extends":"BaseEntity","useCache":true},"origin":"./src/modules/customer/persistence/Customer.entity.ts","hash":"75bddee09559a84187d19a53490d9faf","version":"6.4.7"}
