{"data":{"_id":19000,"properties":{"transaction":{"name":"transaction","kind":"1:1","cascade":["persist"],"inversedBy":"foodOrder","owner":true,"unique":true,"type":"TransactionEntity","array":false,"runtimeType":"TransactionEntity"},"status":{"name":"status","kind":"scalar","enum":true,"items":["pending","rejected","preparing","ready","completed"],"type":"FoodOrderStatus","array":false,"runtimeType":"FoodOrderStatus"},"menuItems":{"name":"menuItems","kind":"1:m","cascade":["persist"],"mappedBy":"foodOrder","type":"MenuItemEntity","array":false,"runtimeType":"Collection<MenuItemEntity, object>"}},"primaryKeys":[],"filters":{},"hooks":{},"indexes":[],"uniques":[],"className":"FoodOrderEntity","path":"./dist/modules/food-order-transaction/persistence/entity/food-order-transaction.entity.js","collection":"food_orders","name":"FoodOrderEntity","abstract":false,"internal":true,"constructorParams":["transaction","status"],"toJsonParams":[],"extends":"BaseEntity","useCache":true},"origin":"./dist/modules/food-order-transaction/persistence/entity/food-order-transaction.entity.js","hash":"202939ade6587ed473c932fc3cd8d829","version":"6.4.7"}
