{"data":{"_id":3000,"properties":{"name":{"name":"name","kind":"scalar","getter":false,"setter":false,"type":"string","array":false,"runtimeType":"string"},"price":{"name":"price","kind":"scalar","getter":false,"setter":false,"type":"number","array":false,"runtimeType":"number"},"description":{"name":"description","kind":"scalar","getter":false,"setter":false,"type":"string","array":false,"runtimeType":"string"},"pictureUrl":{"name":"pictureUrl","kind":"scalar","getter":false,"setter":false,"type":"string","array":false,"runtimeType":"string"},"estimatedTime":{"name":"estimatedTime","kind":"scalar","getter":false,"setter":false,"type":"number","array":false,"runtimeType":"number"},"isStockAvailable":{"name":"isStockAvailable","kind":"scalar","default":true,"getter":false,"setter":false,"type":"boolean","runtimeType":"boolean","array":false},"categories":{"name":"categories","kind":"m:n","cascade":["persist"],"mappedBy":"menus","fixedOrder":false,"fieldNames":["menu_id"],"type":"MenuCategoryEntity","array":false,"runtimeType":"Collection<MenuCategoryEntity, object>"},"restaurant":{"name":"restaurant","kind":"m:1","cascade":["persist"],"inversedBy":"menus","owner":true,"fieldNames":["restaurant_id"],"type":"RestaurantEntity","array":false,"runtimeType":"RestaurantEntity"}},"primaryKeys":[],"filters":{},"hooks":{},"indexes":[],"uniques":[],"className":"FoodMenuEntity","path":"./dist/modules/food-menu/persistence/food-menu.entity.js","collection":"food_menu","name":"FoodMenuEntity","abstract":false,"internal":true,"constructorParams":["restaurant","name","price","description","menuPictureUrl","estimatedTime"],"toJsonParams":[],"extends":"BaseEntity","useCache":true},"origin":"./dist/modules/food-menu/persistence/food-menu.entity.js","hash":"c55d427e08660aa69b16041b8004c927","version":"6.4.7"}
