{"data":{"_id":11000,"properties":{"roomName":{"name":"roomName","kind":"scalar","getter":false,"setter":false,"type":"string","array":false,"runtimeType":"string"},"user":{"name":"user","kind":"m:1","cascade":["persist"],"owner":true,"fieldNames":["user_id"],"type":"UserEntity","array":false,"runtimeType":"UserEntity"},"text":{"name":"text","kind":"scalar","getter":false,"setter":false,"type":"string","array":false,"runtimeType":"string"}},"primaryKeys":[],"filters":{},"hooks":{},"indexes":[],"uniques":[],"className":"LivestreamRoomCommentEntity","path":"./src/modules/livestream/persistence/livestream-room-comment.entity.ts","collection":"livestream-room-comment","name":"LivestreamRoomCommentEntity","abstract":false,"internal":true,"constructorParams":["user","roomName","text"],"toJsonParams":[],"extends":"BaseEntity","useCache":true},"origin":"./src/modules/livestream/persistence/livestream-room-comment.entity.ts","hash":"42d8681e53df3255346289a7b6de7c12","version":"6.4.7"}
