{"data":{"_id":12000,"properties":{"roomName":{"name":"roomName","kind":"scalar","getter":false,"setter":false,"type":"string","array":false,"runtimeType":"string"},"user":{"name":"user","kind":"m:1","cascade":["persist"],"owner":true,"fieldNames":["user_id"],"type":"UserEntity","array":false,"runtimeType":"UserEntity"}},"primaryKeys":[],"filters":{},"hooks":{},"indexes":[],"uniques":[],"className":"LivestreamRoomLikeEntity","path":"./src/modules/livestream/persistence/livestream-room-like.entity.ts","collection":"livestream-room-like","name":"LivestreamRoomLikeEntity","abstract":false,"internal":true,"constructorParams":["user","roomName"],"toJsonParams":[],"extends":"BaseEntity","useCache":true},"origin":"./src/modules/livestream/persistence/livestream-room-like.entity.ts","hash":"69d82406365a1ff679fe17a367205d8f","version":"6.4.7"}
