{"data":{"_id":13000,"properties":{"roomName":{"name":"roomName","kind":"scalar","getter":false,"setter":false,"type":"string","array":false,"runtimeType":"string"},"user":{"name":"user","kind":"m:1","cascade":["persist"],"owner":true,"fieldNames":["user_id"],"type":"UserEntity","array":false,"runtimeType":"UserEntity"},"text":{"name":"text","kind":"scalar","getter":false,"setter":false,"type":"string","array":false,"runtimeType":"string"}},"primaryKeys":[],"filters":{},"hooks":{},"indexes":[],"uniques":[],"className":"LivestreamRoomCommentEntity","path":"./dist/modules/livestream/persistence/livestream-room-comment.entity.js","collection":"livestream-room-comment","name":"LivestreamRoomCommentEntity","abstract":false,"internal":true,"constructorParams":["user","roomName","text"],"toJsonParams":[],"extends":"BaseEntity","useCache":true},"origin":"./dist/modules/livestream/persistence/livestream-room-comment.entity.js","hash":"7cb67224192acd7a78c134d1ce5fa42a","version":"6.4.7"}
