{"data":{"_id":14000,"properties":{"roomName":{"name":"roomName","kind":"scalar","getter":false,"setter":false,"type":"string","array":false,"runtimeType":"string"},"user":{"name":"user","kind":"m:1","cascade":["persist"],"owner":true,"fieldNames":["user_id"],"type":"UserEntity","array":false,"runtimeType":"UserEntity"}},"primaryKeys":[],"filters":{},"hooks":{},"indexes":[],"uniques":[],"className":"LivestreamRoomLikeEntity","path":"./dist/modules/livestream/persistence/livestream-room-like.entity.js","collection":"livestream-room-like","name":"LivestreamRoomLikeEntity","abstract":false,"internal":true,"constructorParams":["user","roomName"],"toJsonParams":[],"extends":"BaseEntity","useCache":true},"origin":"./dist/modules/livestream/persistence/livestream-room-like.entity.js","hash":"e744a378cdebf1f29cac5c0915ceb9dd","version":"6.4.7"}
