{"data":{"_id":2000,"properties":{"id":{"name":"id","kind":"scalar","primary":true,"autoincrement":true,"type":"int","array":false,"runtimeType":"number"},"name":{"name":"name","kind":"scalar","getter":false,"setter":false,"type":"string","array":false,"runtimeType":"string"},"menus":{"name":"menus","kind":"m:n","cascade":["persist"],"inversedBy":"categories","fixedOrder":false,"owner":true,"fieldNames":["menu_id"],"type":"FoodMenuEntity","array":false,"runtimeType":"Collection<FoodMenuEntity, object>"}},"primaryKeys":["id"],"filters":{},"hooks":{},"indexes":[],"uniques":[],"className":"MenuCategoryEntity","path":"./dist/modules/food-menu/persistence/menu-category.entity.js","collection":"menu_category","name":"MenuCategoryEntity","abstract":false,"internal":true,"constructorParams":["name"],"toJsonParams":[],"useCache":true,"compositePK":false,"simplePK":true},"origin":"./dist/modules/food-menu/persistence/menu-category.entity.js","hash":"c9754f44c1eab84064027a1b378bf402","version":"6.4.7"}
