{"data":{"_id":2000,"properties":{"id":{"name":"id","kind":"scalar","primary":true,"autoincrement":true,"type":"int","array":false,"runtimeType":"number"},"name":{"name":"name","kind":"scalar","getter":false,"setter":false,"type":"string","array":false,"runtimeType":"string"},"menus":{"name":"menus","kind":"m:n","cascade":["persist"],"inversedBy":"categories","fixedOrder":false,"owner":true,"fieldNames":["menu_id"],"type":"FoodMenuEntity","array":false,"runtimeType":"Collection<FoodMenuEntity, object>"}},"primaryKeys":["id"],"filters":{},"hooks":{},"indexes":[],"uniques":[],"className":"MenuCategoryEntity","path":"./src/modules/food-menu/persistence/menu-category.entity.ts","collection":"menu_category","name":"MenuCategoryEntity","abstract":false,"internal":true,"constructorParams":["name"],"toJsonParams":[],"useCache":true,"compositePK":false,"simplePK":true},"origin":"./src/modules/food-menu/persistence/menu-category.entity.ts","hash":"c06fbd160e0ba4294fb79b7c446acc4d","version":"6.4.7"}
