{"data":{"_id":18000,"properties":{"quantity":{"name":"quantity","kind":"scalar","getter":false,"setter":false,"type":"number","array":false,"runtimeType":"number"},"price":{"name":"price","kind":"scalar","getter":false,"setter":false,"type":"number","array":false,"runtimeType":"number"},"totalPrice":{"name":"totalPrice","kind":"scalar","getter":false,"setter":false,"type":"number","array":false,"runtimeType":"number"},"menu":{"name":"menu","kind":"m:1","cascade":["persist"],"index":true,"owner":true,"fieldNames":["menu_id"],"type":"FoodMenuEntity","array":false,"runtimeType":"FoodMenuEntity"},"foodOrder":{"name":"foodOrder","kind":"m:1","cascade":["persist"],"owner":true,"fieldNames":["food_order_id"],"type":"FoodOrderEntity","array":false,"runtimeType":"FoodOrderEntity","optional":true},"reservation":{"name":"reservation","kind":"m:1","cascade":["persist"],"owner":true,"fieldNames":["reservation_id"],"type":"ReservationEntity","array":false,"runtimeType":"ReservationEntity","optional":true}},"primaryKeys":[],"filters":{},"hooks":{},"indexes":[],"uniques":[],"className":"MenuItemEntity","path":"./dist/modules/menu-items/persistence/menu-item.entity.js","collection":"menu_items","name":"MenuItemEntity","abstract":false,"internal":true,"constructorParams":["menu","quantity","foodOrder","reservation"],"toJsonParams":[],"extends":"BaseEntity","useCache":true},"origin":"./dist/modules/menu-items/persistence/menu-item.entity.js","hash":"edbb19bd9c2b4aa84b9516ceca52515b","version":"6.4.7"}
