{"data":{"_id":16000,"properties":{"quantity":{"name":"quantity","kind":"scalar","getter":false,"setter":false,"type":"number","array":false,"runtimeType":"number"},"price":{"name":"price","kind":"scalar","getter":false,"setter":false,"type":"number","array":false,"runtimeType":"number"},"totalPrice":{"name":"totalPrice","kind":"scalar","getter":false,"setter":false,"type":"number","array":false,"runtimeType":"number"},"menu":{"name":"menu","kind":"m:1","cascade":["persist"],"index":true,"owner":true,"fieldNames":["menu_id"],"type":"FoodMenuEntity","array":false,"runtimeType":"FoodMenuEntity"},"foodOrder":{"name":"foodOrder","kind":"m:1","cascade":["persist"],"owner":true,"fieldNames":["food_order_id"],"type":"FoodOrderEntity","array":false,"runtimeType":"FoodOrderEntity","optional":true},"reservation":{"name":"reservation","kind":"m:1","cascade":["persist"],"owner":true,"fieldNames":["reservation_id"],"type":"ReservationEntity","array":false,"runtimeType":"ReservationEntity","optional":true}},"primaryKeys":[],"filters":{},"hooks":{},"indexes":[],"uniques":[],"className":"MenuItemEntity","path":"./src/modules/menu-items/persistence/menu-item.entity.ts","collection":"menu_items","name":"MenuItemEntity","abstract":false,"internal":true,"constructorParams":["menu","quantity","foodOrder","reservation"],"toJsonParams":[],"extends":"BaseEntity","useCache":true},"origin":"./src/modules/menu-items/persistence/menu-item.entity.ts","hash":"382c543407bf735b5d58816c542831b0","version":"6.4.7"}
