{"data":{"_id":9000,"properties":{"title":{"name":"title","kind":"scalar","nullable":true,"default":"","getter":false,"setter":false,"type":"string","array":false,"runtimeType":"string"},"caption":{"name":"caption","kind":"scalar","nullable":false,"type":"text","getter":false,"setter":false,"array":false,"runtimeType":"string"},"location":{"name":"location","kind":"scalar","nullable":true,"getter":false,"setter":false,"array":false,"runtimeType":"Point","optional":true},"medias":{"name":"medias","kind":"1:m","cascade":["persist","remove"],"mappedBy":"post","index":true,"orphanRemoval":true,"type":"PostMediaEntity","array":false,"runtimeType":"Collection<PostMediaEntity, object>"},"comments":{"name":"comments","kind":"1:m","cascade":["persist","remove"],"mappedBy":"post","index":true,"orphanRemoval":true,"type":"PostCommentEntity","array":false,"runtimeType":"Collection<PostCommentEntity, object>"},"postLikes":{"name":"postLikes","kind":"m:n","cascade":["persist"],"mappedBy":"likedPosts","index":true,"fixedOrder":false,"type":"UserEntity","array":false,"runtimeType":"Collection<UserEntity, object>"},"user":{"name":"user","kind":"m:1","cascade":["persist"],"inversedBy":"posts","owner":true,"fieldNames":["user_id"],"type":"UserEntity","array":false,"runtimeType":"UserEntity"},"hashtags":{"name":"hashtags","kind":"m:n","cascade":["persist"],"mappedBy":"post","index":true,"fixedOrder":false,"type":"PostHashtagEntity","array":false,"runtimeType":"Collection<PostHashtagEntity, object>"}},"primaryKeys":[],"filters":{},"hooks":{},"indexes":[],"uniques":[],"className":"PostEntity","path":"./dist/modules/post/persistence/post.entity.js","collection":"post","name":"PostEntity","abstract":false,"internal":true,"constructorParams":["user","title","caption","location"],"toJsonParams":[],"extends":"BaseEntity","useCache":true},"origin":"./dist/modules/post/persistence/post.entity.js","hash":"3245b7adb19d69629e5ee246a5b22569","version":"6.4.7"}
