{"data":{"_id":6000,"properties":{"url":{"name":"url","kind":"scalar","nullable":false,"getter":false,"setter":false,"type":"string","array":false,"runtimeType":"string"},"type":{"name":"type","kind":"scalar","nullable":false,"getter":false,"setter":false,"type":"string","array":false,"runtimeType":"string"},"extension":{"name":"extension","kind":"scalar","nullable":false,"getter":false,"setter":false,"type":"string","array":false,"runtimeType":"string"},"videoThumbnailUrl":{"name":"videoThumbnailUrl","kind":"scalar","nullable":true,"getter":false,"setter":false,"type":"string","array":false,"runtimeType":"string","optional":true},"post":{"name":"post","kind":"m:1","cascade":["persist"],"inversedBy":"medias","index":true,"owner":true,"fieldNames":["post_id"],"type":"PostEntity","array":false,"runtimeType":"PostEntity"}},"primaryKeys":[],"filters":{},"hooks":{},"indexes":[],"uniques":[],"className":"PostMediaEntity","path":"./src/modules/post-media/persistence/post-media.entity.ts","collection":"post-media","name":"PostMediaEntity","abstract":false,"internal":true,"constructorParams":["post","url","type","extension","videoThumbnailUrl"],"toJsonParams":[],"extends":"BaseEntity","useCache":true},"origin":"./src/modules/post-media/persistence/post-media.entity.ts","hash":"a86a3da97cdac36a48a428ed1492eb45","version":"6.4.7"}
