{"data":{"_id":7000,"properties":{"url":{"name":"url","kind":"scalar","nullable":false,"getter":false,"setter":false,"type":"string","array":false,"runtimeType":"string"},"type":{"name":"type","kind":"scalar","nullable":false,"getter":false,"setter":false,"type":"string","array":false,"runtimeType":"string"},"extension":{"name":"extension","kind":"scalar","nullable":false,"getter":false,"setter":false,"type":"string","array":false,"runtimeType":"string"},"videoThumbnailUrl":{"name":"videoThumbnailUrl","kind":"scalar","nullable":true,"getter":false,"setter":false,"type":"string","array":false,"runtimeType":"string","optional":true},"post":{"name":"post","kind":"m:1","cascade":["persist"],"inversedBy":"medias","index":true,"owner":true,"fieldNames":["post_id"],"type":"PostEntity","array":false,"runtimeType":"PostEntity"}},"primaryKeys":[],"filters":{},"hooks":{},"indexes":[],"uniques":[],"className":"PostMediaEntity","path":"./dist/modules/post-media/persistence/post-media.entity.js","collection":"post-media","name":"PostMediaEntity","abstract":false,"internal":true,"constructorParams":["post","url","type","extension","videoThumbnailUrl"],"toJsonParams":[],"extends":"BaseEntity","useCache":true},"origin":"./dist/modules/post-media/persistence/post-media.entity.js","hash":"cd81a6be907b8252ef235c77da1fb8c3","version":"6.4.7"}
