{"data":{"_id":5000,"properties":{"text":{"name":"text","kind":"scalar","type":"text","getter":false,"setter":false,"array":false,"runtimeType":"string"},"post":{"name":"post","kind":"m:1","cascade":["persist"],"inversedBy":"comments","index":true,"owner":true,"fieldNames":["post_id"],"type":"PostEntity","array":false,"runtimeType":"PostEntity"},"user":{"name":"user","kind":"m:1","cascade":["persist"],"inversedBy":"comments","index":true,"owner":true,"fieldNames":["user_id"],"type":"UserEntity","array":false,"runtimeType":"UserEntity"},"commentLikes":{"name":"commentLikes","kind":"m:n","cascade":["persist"],"mappedBy":"likedComments","index":true,"fixedOrder":false,"type":"UserEntity","array":false,"runtimeType":"Collection<UserEntity, object>"}},"primaryKeys":[],"filters":{},"hooks":{},"indexes":[],"uniques":[],"className":"PostCommentEntity","path":"./src/modules/post-comment/persistence/post-comment.entity.ts","collection":"post_comment","name":"PostCommentEntity","abstract":false,"internal":true,"constructorParams":["post","user","text"],"toJsonParams":[],"extends":"BaseEntity","useCache":true},"origin":"./src/modules/post-comment/persistence/post-comment.entity.ts","hash":"980ee9f9326b17964f58eb86baacab42","version":"6.4.7"}
