{"data":{"_id":15000,"properties":{"reservationTime":{"name":"reservationTime","kind":"scalar","getter":false,"setter":false,"type":"Date","array":false,"runtimeType":"Date"},"endTimeEstimation":{"name":"endTimeEstimation","kind":"scalar","getter":false,"setter":false,"type":"Date","array":false,"runtimeType":"Date"},"peopleSize":{"name":"peopleSize","kind":"scalar","getter":false,"setter":false,"type":"number","array":false,"runtimeType":"number"},"status":{"name":"status","kind":"scalar","enum":true,"items":["rejected","pending","confirmed","dining","canceled","completed"],"type":"ReservationStatus","array":false,"runtimeType":"ReservationStatus"},"transaction":{"name":"transaction","kind":"1:1","cascade":["persist"],"inversedBy":"reservation","owner":true,"unique":true,"type":"TransactionEntity","array":false,"runtimeType":"TransactionEntity"},"menuItems":{"name":"menuItems","kind":"1:m","cascade":["persist"],"mappedBy":"reservation","type":"MenuItemEntity","array":false,"runtimeType":"Collection<MenuItemEntity, object>"}},"primaryKeys":[],"filters":{},"hooks":{},"indexes":[],"uniques":[],"className":"ReservationEntity","path":"./src/modules/reservation/persistence/reservation.entity.ts","collection":"reservations","name":"ReservationEntity","abstract":false,"internal":true,"constructorParams":["reservationTime","peopleSize","status","transaction","endTimeEstimation"],"toJsonParams":[],"extends":"BaseEntity","useCache":true},"origin":"./src/modules/reservation/persistence/reservation.entity.ts","hash":"d5f0e44d90ec72bc8c7599b0fb1388da","version":"6.4.7"}
