{"data":{"_id":12000,"properties":{"maxPerson":{"name":"maxPerson","kind":"scalar","getter":false,"setter":false,"type":"number","array":false,"runtimeType":"number"},"minCostPerPerson":{"name":"minCostPerPerson","kind":"scalar","getter":false,"setter":false,"type":"number","array":false,"runtimeType":"number"},"timeLimit":{"name":"timeLimit","kind":"scalar","getter":false,"setter":false,"type":"number","array":false,"runtimeType":"number"},"facilities":{"name":"facilities","kind":"m:n","cascade":["persist"],"mappedBy":"reservationConfigs","fixedOrder":false,"fieldNames":["reservation_config_id"],"type":"ReservationFacilityEntity","array":false,"runtimeType":"Collection<ReservationFacilityEntity, object>"},"restaurant":{"name":"restaurant","kind":"1:1","cascade":["persist"],"owner":true,"unique":true,"type":"RestaurantEntity","array":false,"runtimeType":"RestaurantEntity"}},"primaryKeys":[],"filters":{},"hooks":{},"indexes":[],"uniques":[],"className":"ReservationConfigEntity","path":"./dist/modules/restaurant/persistence/entity/reservation-config.entity.js","collection":"reservation_configs","name":"ReservationConfigEntity","abstract":false,"internal":true,"constructorParams":["maxPerson","minCostPerPerson","timeLimit"],"toJsonParams":[],"extends":"BaseEntity","useCache":true},"origin":"./dist/modules/restaurant/persistence/entity/reservation-config.entity.js","hash":"02a2b0cbd419efbd6d76312b22bb894d","version":"6.4.7"}
