{"data":{"_id":11000,"properties":{"name":{"name":"name","kind":"scalar","getter":false,"setter":false,"type":"string","array":false,"runtimeType":"string"},"reservationConfigs":{"name":"reservationConfigs","kind":"m:n","cascade":["persist"],"inversedBy":"facilities","index":true,"fixedOrder":false,"owner":true,"type":"ReservationConfigEntity","array":false,"runtimeType":"Collection<ReservationConfigEntity, object>"}},"primaryKeys":[],"filters":{},"hooks":{},"indexes":[],"uniques":[],"className":"ReservationFacilityEntity","path":"./dist/modules/restaurant/persistence/entity/reservation-facility.entity.js","collection":"reservation_facility","name":"ReservationFacilityEntity","abstract":false,"internal":true,"constructorParams":["name"],"toJsonParams":[],"extends":"BaseEntity","useCache":true},"origin":"./dist/modules/restaurant/persistence/entity/reservation-facility.entity.js","hash":"a283bc550ef008ccd114a04fc286788b","version":"6.4.7"}
