{"data":{"_id":19000,"properties":{"name":{"name":"name","kind":"scalar","getter":false,"setter":false,"type":"string","array":false,"runtimeType":"string"},"reservationConfigs":{"name":"reservationConfigs","kind":"m:n","cascade":["persist"],"inversedBy":"facilities","index":true,"fixedOrder":false,"owner":true,"type":"ReservationConfigEntity","array":false,"runtimeType":"Collection<ReservationConfigEntity, object>"}},"primaryKeys":[],"filters":{},"hooks":{},"indexes":[],"uniques":[],"className":"ReservationFacilityEntity","path":"./src/modules/restaurant/persistence/entity/reservation-facility.entity.ts","collection":"reservation_facility","name":"ReservationFacilityEntity","abstract":false,"internal":true,"constructorParams":["name"],"toJsonParams":[],"extends":"BaseEntity","useCache":true},"origin":"./src/modules/restaurant/persistence/entity/reservation-facility.entity.ts","hash":"38509652076d51fa9115cbbcd210c79a","version":"6.4.7"}
