{"data":{"_id":4000,"properties":{"restaurantBannerUrl":{"name":"restaurantBannerUrl","kind":"scalar","default":"","nullable":true,"getter":false,"setter":false,"type":"string","array":false,"runtimeType":"string"},"wallet":{"name":"wallet","kind":"scalar","getter":false,"setter":false,"type":"number","array":false,"runtimeType":"number"},"location":{"name":"location","kind":"scalar","getter":false,"setter":false,"array":false,"runtimeType":"Point"},"openTime":{"name":"openTime","kind":"scalar","getter":false,"setter":false,"type":"string","array":false,"runtimeType":"string"},"closeTime":{"name":"closeTime","kind":"scalar","getter":false,"setter":false,"type":"string","array":false,"runtimeType":"string"},"payoutBank":{"name":"payoutBank","kind":"scalar","enum":true,"items":["bni","bri","bca","mandiri"],"type":"BankEnum","array":false,"runtimeType":"BankEnum"},"accountNumber":{"name":"accountNumber","kind":"scalar","getter":false,"setter":false,"type":"string","array":false,"runtimeType":"string"},"isReservationAvailable":{"name":"isReservationAvailable","kind":"scalar","getter":false,"setter":false,"type":"boolean","array":false,"runtimeType":"boolean"},"verificationStatus":{"name":"verificationStatus","kind":"scalar","enum":true,"items":["unverified","verified","rejected"],"type":"RestaurantVerificationStatus","array":false,"runtimeType":"RestaurantVerificationStatus"},"userData":{"name":"userData","kind":"1:1","cascade":["persist"],"inversedBy":"restaurantData","index":true,"owner":true,"unique":true,"fieldNames":["user_id"],"type":"UserEntity","array":false,"runtimeType":"UserEntity"},"themes":{"name":"themes","kind":"m:n","cascade":["persist"],"mappedBy":"restaurants","fixedOrder":false,"fieldNames":["restaurant_id"],"type":"RestaurantThemeEntity","array":false,"runtimeType":"Collection<RestaurantThemeEntity, object>"},"menus":{"name":"menus","kind":"1:m","cascade":["persist"],"mappedBy":"restaurant","orphanRemoval":true,"type":"FoodMenuEntity","array":false,"runtimeType":"Collection<FoodMenuEntity, object>"}},"primaryKeys":[],"filters":{"isAccountVerified":{"name":"isAccountVerified","cond":{"verificationStatus":"verified"},"default":true}},"hooks":{},"indexes":[],"uniques":[],"className":"RestaurantEntity","path":"./dist/modules/restaurant/persistence/entity/restaurant.entity.js","collection":"restaurant","name":"RestaurantEntity","abstract":false,"internal":true,"constructorParams":["userData","restaurantBannerUrl","restaurantAddress"],"toJsonParams":[],"extends":"BaseEntity","useCache":true},"origin":"./dist/modules/restaurant/persistence/entity/restaurant.entity.js","hash":"e7299bd4a68807f9b8df9f9d97fd4680","version":"6.4.7"}
