{"data":{"_id":1000,"properties":{"id":{"name":"id","kind":"scalar","primary":true,"autoincrement":true,"type":"int","array":false,"runtimeType":"number"},"name":{"name":"name","kind":"scalar","getter":false,"setter":false,"type":"string","array":false,"runtimeType":"string"},"restaurants":{"name":"restaurants","kind":"m:n","cascade":["persist"],"inversedBy":"themes","fixedOrder":false,"owner":true,"fieldNames":["restaurant_id"],"type":"RestaurantEntity","array":false,"runtimeType":"Collection<RestaurantEntity, object>"}},"primaryKeys":["id"],"filters":{},"hooks":{},"indexes":[],"uniques":[],"className":"RestaurantThemeEntity","path":"./src/modules/restaurant/persistence/entity/restaurant-theme.entity.ts","collection":"restaurant_theme","name":"RestaurantThemeEntity","abstract":false,"internal":true,"constructorParams":["name"],"toJsonParams":[],"useCache":true,"compositePK":false,"simplePK":true},"origin":"./src/modules/restaurant/persistence/entity/restaurant-theme.entity.ts","hash":"db1553de1ddc92c6e4c8665eb1802d44","version":"6.4.7"}
