{"data":{"_id":1000,"properties":{"id":{"name":"id","kind":"scalar","primary":true,"autoincrement":true,"type":"int","array":false,"runtimeType":"number"},"name":{"name":"name","kind":"scalar","getter":false,"setter":false,"type":"string","array":false,"runtimeType":"string"},"restaurants":{"name":"restaurants","kind":"m:n","cascade":["persist"],"inversedBy":"themes","fixedOrder":false,"owner":true,"fieldNames":["restaurant_id"],"type":"RestaurantEntity","array":false,"runtimeType":"Collection<RestaurantEntity, object>"}},"primaryKeys":["id"],"filters":{},"hooks":{},"indexes":[],"uniques":[],"className":"RestaurantThemeEntity","path":"./dist/modules/restaurant/persistence/entity/restaurant-theme.entity.js","collection":"restaurant_theme","name":"RestaurantThemeEntity","abstract":false,"internal":true,"constructorParams":["name"],"toJsonParams":[],"useCache":true,"compositePK":false,"simplePK":true},"origin":"./dist/modules/restaurant/persistence/entity/restaurant-theme.entity.js","hash":"8ca037ab1180ca1efddd918d85eb6c9d","version":"6.4.7"}
