{"data":{"_id":23000,"properties":{"message":{"name":"message","kind":"scalar","getter":false,"setter":false,"type":"string","array":false,"runtimeType":"string"},"user":{"name":"user","kind":"m:1","cascade":["persist"],"index":true,"owner":true,"fieldNames":["user_id"],"type":"UserEntity","array":false,"runtimeType":"UserEntity"},"supportTicket":{"name":"supportTicket","kind":"m:1","cascade":["persist"],"index":true,"owner":true,"fieldNames":["support_ticket_id"],"type":"SupportTicketEntity","array":false,"runtimeType":"SupportTicketEntity"}},"primaryKeys":[],"filters":{},"hooks":{},"indexes":[],"uniques":[],"className":"SupportTicketMessageEntity","path":"./src/modules/support-ticket/persistence/support-ticket-message.entity.ts","collection":"support-ticket-messages","name":"SupportTicketMessageEntity","abstract":false,"internal":true,"constructorParams":["supportTicket","message"],"toJsonParams":[],"extends":"BaseEntity","useCache":true},"origin":"./src/modules/support-ticket/persistence/support-ticket-message.entity.ts","hash":"53eae39391d2789d2fdd526e46fd8568","version":"6.4.7"}
