{"data":{"_id":22000,"properties":{"title":{"name":"title","kind":"scalar","type":"string","getter":false,"setter":false,"array":false,"runtimeType":"string"},"description":{"name":"description","kind":"scalar","type":"string","getter":false,"setter":false,"array":false,"runtimeType":"string"},"status":{"name":"status","kind":"scalar","enum":true,"items":["open","closed"],"type":"SupportTicketStatus","array":false,"runtimeType":"SupportTicketStatus"},"user":{"name":"user","kind":"m:1","cascade":["persist"],"index":true,"owner":true,"fieldNames":["user_id"],"type":"UserEntity","array":false,"runtimeType":"UserEntity"}},"primaryKeys":[],"filters":{},"hooks":{},"indexes":[],"uniques":[],"className":"SupportTicketEntity","path":"./src/modules/support-ticket/persistence/support-ticket.entity.ts","collection":"support_tickets","name":"SupportTicketEntity","abstract":false,"internal":true,"constructorParams":[],"toJsonParams":[],"extends":"BaseEntity","useCache":true},"origin":"./src/modules/support-ticket/persistence/support-ticket.entity.ts","hash":"391074a78f79c1bf65eec0e47a7de951","version":"6.4.7"}
