{"data":{"_id":22000,"properties":{"title":{"name":"title","kind":"scalar","type":"string","getter":false,"setter":false,"array":false,"runtimeType":"string"},"description":{"name":"description","kind":"scalar","type":"string","getter":false,"setter":false,"array":false,"runtimeType":"string"},"status":{"name":"status","kind":"scalar","enum":true,"items":["open","closed"],"type":"SupportTicketStatus","array":false,"runtimeType":"SupportTicketStatus"},"user":{"name":"user","kind":"m:1","cascade":["persist"],"index":true,"owner":true,"fieldNames":["user_id"],"type":"UserEntity","array":false,"runtimeType":"UserEntity"}},"primaryKeys":[],"filters":{},"hooks":{},"indexes":[],"uniques":[],"className":"SupportTicketEntity","path":"./dist/modules/support-ticket/persistence/support-ticket.entity.js","collection":"support_tickets","name":"SupportTicketEntity","abstract":false,"internal":true,"constructorParams":[],"toJsonParams":[],"extends":"BaseEntity","useCache":true},"origin":"./dist/modules/support-ticket/persistence/support-ticket.entity.js","hash":"dfe9305ba9bea4c8a96d5340debbd671","version":"6.4.7"}
