{"data":{"_id":23000,"properties":{"message":{"name":"message","kind":"scalar","getter":false,"setter":false,"type":"string","array":false,"runtimeType":"string"},"user":{"name":"user","kind":"m:1","cascade":["persist"],"index":true,"owner":true,"fieldNames":["user_id"],"type":"UserEntity","array":false,"runtimeType":"UserEntity"},"supportTicket":{"name":"supportTicket","kind":"m:1","cascade":["persist"],"index":true,"owner":true,"fieldNames":["support_ticket_id"],"type":"SupportTicketEntity","array":false,"runtimeType":"SupportTicketEntity"}},"primaryKeys":[],"filters":{},"hooks":{},"indexes":[],"uniques":[],"className":"SupportTicketMessageEntity","path":"./dist/modules/support-ticket/persistence/support-ticket-message.entity.js","collection":"support-ticket-messages","name":"SupportTicketMessageEntity","abstract":false,"internal":true,"constructorParams":["supportTicket","message"],"toJsonParams":[],"extends":"BaseEntity","useCache":true},"origin":"./dist/modules/support-ticket/persistence/support-ticket-message.entity.js","hash":"6d90b101aa704de894e9d6e79615d20f","version":"6.4.7"}
