{"data":{"_id":21000,"properties":{"transactionId":{"name":"transactionId","kind":"scalar","getter":false,"setter":false,"type":"string","array":false,"runtimeType":"string","optional":true},"amount":{"name":"amount","kind":"scalar","getter":false,"setter":false,"type":"number","array":false,"runtimeType":"number"},"status":{"name":"status","kind":"scalar","enum":true,"items":["pending","success","failed","expired"],"type":"TopupStatus","array":false,"runtimeType":"TopupStatus"},"paymentType":{"name":"paymentType","kind":"scalar","getter":false,"setter":false,"type":"string","array":false,"runtimeType":"string","optional":true},"settlementTime":{"name":"settlementTime","kind":"scalar","getter":false,"setter":false,"type":"Date","array":false,"runtimeType":"Date","optional":true},"snapToken":{"name":"snapToken","kind":"scalar","getter":false,"setter":false,"type":"string","array":false,"runtimeType":"string","optional":true},"snapRedirectUrl":{"name":"snapRedirectUrl","kind":"scalar","getter":false,"setter":false,"type":"string","array":false,"runtimeType":"string","optional":true},"customer":{"name":"customer","kind":"m:1","cascade":["persist"],"owner":true,"type":"CustomerEntity","array":false,"runtimeType":"CustomerEntity"}},"primaryKeys":[],"filters":{},"hooks":{},"indexes":[],"uniques":[],"className":"TopupEntity","path":"./dist/modules/topup/persistence/topup.entity.js","collection":"topups","name":"TopupEntity","abstract":false,"internal":true,"constructorParams":[],"toJsonParams":[],"extends":"BaseEntity","useCache":true},"origin":"./dist/modules/topup/persistence/topup.entity.js","hash":"ea5c7731eab6ef56a3a2e7b49474f3aa","version":"6.4.7"}
