{"data":{"_id":14000,"properties":{"rating":{"name":"rating","kind":"scalar","getter":false,"setter":false,"type":"number","array":false,"runtimeType":"number"},"review":{"name":"review","kind":"scalar","getter":false,"setter":false,"type":"string","array":false,"runtimeType":"string"},"transaction":{"name":"transaction","kind":"1:1","cascade":["persist"],"inversedBy":"review","index":true,"owner":true,"unique":true,"fieldNames":["transaction_id"],"type":"TransactionEntity","array":false,"runtimeType":"TransactionEntity"}},"primaryKeys":[],"filters":{},"hooks":{},"indexes":[],"uniques":[],"className":"TransactionReviewEntity","path":"./src/modules/transaction-review/persistence/transaction-review.entity.ts","collection":"transaction_reviews","name":"TransactionReviewEntity","abstract":false,"internal":true,"constructorParams":["transaction","rating","review"],"toJsonParams":[],"extends":"BaseEntity","useCache":true},"origin":"./src/modules/transaction-review/persistence/transaction-review.entity.ts","hash":"9c3f6a9f44c721b231e7c13ac72b6418","version":"6.4.7"}
