{"data":{"_id":13000,"properties":{"message":{"name":"message","kind":"scalar","getter":false,"setter":false,"type":"string","array":false,"runtimeType":"string"},"user":{"name":"user","kind":"m:1","cascade":["persist"],"index":true,"owner":true,"fieldNames":["user_id"],"type":"UserEntity","array":false,"runtimeType":"UserEntity"},"transaction":{"name":"transaction","kind":"m:1","cascade":["persist"],"inversedBy":"messages","index":true,"owner":true,"fieldNames":["transaction_id"],"type":"TransactionEntity","array":false,"runtimeType":"TransactionEntity"}},"primaryKeys":[],"filters":{},"hooks":{},"indexes":[],"uniques":[],"className":"TransactionMessageEntity","path":"./src/modules/transaction-message/persistence/transaction-message.entity.ts","collection":"transaction_messages","name":"TransactionMessageEntity","abstract":false,"internal":true,"constructorParams":["transaction","message"],"toJsonParams":[],"extends":"BaseEntity","useCache":true},"origin":"./src/modules/transaction-message/persistence/transaction-message.entity.ts","hash":"f19f493fbb29949804577f32b598adcc","version":"6.4.7"}
