{"data":{"_id":15000,"properties":{"message":{"name":"message","kind":"scalar","getter":false,"setter":false,"type":"string","array":false,"runtimeType":"string"},"user":{"name":"user","kind":"m:1","cascade":["persist"],"index":true,"owner":true,"fieldNames":["user_id"],"type":"UserEntity","array":false,"runtimeType":"UserEntity"},"transaction":{"name":"transaction","kind":"m:1","cascade":["persist"],"inversedBy":"messages","index":true,"owner":true,"fieldNames":["transaction_id"],"type":"TransactionEntity","array":false,"runtimeType":"TransactionEntity"}},"primaryKeys":[],"filters":{},"hooks":{},"indexes":[],"uniques":[],"className":"TransactionMessageEntity","path":"./dist/modules/transaction-message/persistence/transaction-message.entity.js","collection":"transaction_messages","name":"TransactionMessageEntity","abstract":false,"internal":true,"constructorParams":["transaction","message"],"toJsonParams":[],"extends":"BaseEntity","useCache":true},"origin":"./dist/modules/transaction-message/persistence/transaction-message.entity.js","hash":"67d2adbd770de1785977198d25f71b2b","version":"6.4.7"}
