{"data":{"_id":16000,"properties":{"rating":{"name":"rating","kind":"scalar","getter":false,"setter":false,"type":"number","array":false,"runtimeType":"number"},"review":{"name":"review","kind":"scalar","getter":false,"setter":false,"type":"string","array":false,"runtimeType":"string"},"transaction":{"name":"transaction","kind":"1:1","cascade":["persist"],"inversedBy":"review","index":true,"owner":true,"unique":true,"fieldNames":["transaction_id"],"type":"TransactionEntity","array":false,"runtimeType":"TransactionEntity"}},"primaryKeys":[],"filters":{},"hooks":{},"indexes":[],"uniques":[],"className":"TransactionReviewEntity","path":"./dist/modules/transaction-review/persistence/transaction-review.entity.js","collection":"transaction_reviews","name":"TransactionReviewEntity","abstract":false,"internal":true,"constructorParams":["transaction","rating","review"],"toJsonParams":[],"extends":"BaseEntity","useCache":true},"origin":"./dist/modules/transaction-review/persistence/transaction-review.entity.js","hash":"947a5ba66202eec8f972a436e36632bf","version":"6.4.7"}
